id,label
1,17
2,137
3,17
4,39
5,1
6,17
7,17
8,1
9,1
10,17
11,17
12,17
13,17
14,39
15,17
16,17
17,39
18,17
19,39
20,1
21,137
22,17
23,39
24,17
25,17
26,62
27,17
28,62
29,39
30,39
31,1
32,17
33,17
34,17
35,17
36,39
37,62
38,17
39,1
40,137
41,39
42,17
43,17
44,17
45,17
46,62
47,17
48,17
49,17
50,62
51,62
52,17
53,17
54,17
55,17
56,17
57,17
58,1
59,17
60,43
61,17
62,17
63,31
64,17
65,1
66,17
67,17
68,1
69,17
70,17
71,29
72,17
73,17
74,17
75,1
76,17
77,137
78,17
79,17
80,137
81,17
82,39
83,17
84,39
85,17
86,17
87,39
88,17
89,17
90,137
91,17
92,17
93,1
94,17
95,72
96,62
97,1
98,39
99,17
100,39
101,17
102,17
103,1
104,17
105,29
106,17
107,17
108,1
109,39
110,137
111,137
112,17
113,17
114,17
115,29
116,39
117,137
118,29
119,17
120,17
121,62
122,62
123,17
124,17
125,72
126,17
127,17
128,1
129,1
130,72
131,39
132,17
133,17
134,17
135,137
136,39
137,17
138,17
139,17
140,62
141,29
142,62
143,17
144,17
145,72
146,72
147,17
148,17
149,72
150,17
151,17
152,1
153,39
154,17
155,38
156,17
157,17
158,72
159,137
160,29
161,62
162,1
163,17
164,17
165,17
166,17
167,17
168,17
169,17
170,1
171,72
172,39
173,17
174,17
175,39
176,39
177,72
178,17
179,17
180,17
181,1
182,137
183,17
184,1
185,62
186,17
187,17
188,17
189,17
190,17
191,1
192,17
193,17
194,17
195,17
196,39
197,17
198,137
199,17
200,1
201,17
202,17
203,17
204,17
205,17
206,17
207,62
208,1
209,17
210,17
211,1
212,17
213,1
214,17
215,17
216,17
217,62
218,17
219,137
220,1
221,1
222,1
223,17
224,17
225,39
226,17
227,39
228,17
229,38
230,17
231,17
232,17
233,17
234,39
235,17
236,17
237,17
238,39
239,39
240,1
241,17
242,17
243,17
244,17
245,72
246,39
247,17
248,1
249,1
250,17
251,17
252,17
253,17
254,29
255,17
256,1
257,1
258,17
259,137
260,1
261,17
262,29
263,17
264,17
265,17
266,137
267,39
268,17
269,17
270,17
271,17
272,17
273,39
274,17
275,1
276,17
277,17
278,17
279,17
280,17
281,17
282,17
283,39
284,17
285,17
286,39
287,17
288,39
289,39
290,17
291,39
292,137
293,39
294,17
295,17
296,17
297,17
298,17
299,137
300,17
301,17
302,137
303,62
304,17
305,62
306,17
307,17
308,1
309,17
310,62
311,17
312,17
313,17
314,17
315,17
316,17
317,1
318,17
319,17
320,17
321,137
322,17
323,137
324,17
325,17
326,29
327,17
328,1
329,1
330,39
331,39
332,17
333,17
334,17
335,72
336,17
337,17
338,137
339,17
340,29
341,17
342,39
343,17
344,17
345,1
346,39
347,39
348,17
349,17
350,39
351,1
352,17
353,39
354,17
355,17
356,17
357,72
358,17
359,29
360,62
361,137
362,17
363,17
364,17
365,17
366,39
367,39
368,1
369,17
370,17
371,29
372,39
373,72
374,1
375,39
376,17
377,62
378,17
379,1
380,17
381,17
382,39
383,39
384,17
385,17
386,17
387,17
388,17
389,17
390,39
391,17
392,39
393,62
394,29
395,1
396,17
397,39
398,39
399,17
400,17
401,17
402,39
403,17
404,29
405,17
406,17
407,39
408,17
409,17
410,17
411,17
412,29
413,17
414,1
415,17
416,29
417,39
418,39
419,17
420,1
421,62
422,17
423,17
424,39
425,17
426,17
427,62
428,17
429,29
430,17
431,17
432,17
433,17
434,17
435,17
436,17
437,17
438,137
439,17
440,17
441,17
442,17
443,17
444,1
445,17
446,39
447,39
448,17
449,1
450,1
451,17
452,1
453,17
454,137
455,17
456,62
457,17
458,1
459,39
460,17
461,17
462,62
463,17
464,1
465,17
466,39
467,17
468,62
469,137
470,17
471,29
472,1
473,1
474,17
475,137
476,39
477,1
478,17
479,62
480,17
481,17
482,17
483,72
484,17
485,39
486,62
487,1
488,1
489,17
490,39
491,17
492,1
493,17
494,17
495,72
496,39
497,17
498,1
499,17
500,17
501,1
502,39
503,17
504,62
505,39
506,17
507,1
508,17
509,1
510,62
511,29
512,1
513,17
514,1
515,62
516,17
517,17
518,1
519,17
520,17
521,17
522,43
523,17
524,17
525,62
526,1
527,1
528,1
529,17
530,17
531,17
532,17
533,39
534,17
535,39
536,137
537,29
538,17
539,39
540,29
541,29
542,17
543,1
544,17
545,1
546,39
547,1
548,1
549,1
550,17
551,1
552,17
553,29
554,29
555,17
556,17
557,62
558,17
559,17
560,45
561,1
562,17
563,62
564,17
565,1
566,17
567,17
568,17
569,137
570,17
571,17
572,1
573,39
574,137
575,1
576,17
577,17
578,62
579,17
580,39
581,17
582,29
583,17
584,17
585,17
586,17
587,17
588,38
589,17
590,17
591,1
592,72
593,17
594,17
595,17
596,62
597,17
598,1
599,39
600,17
601,39
602,17
603,62
604,17
605,17
606,17
607,17
608,137
609,17
610,17
611,39
612,39
613,17
614,17
615,17
616,1
617,62
618,1
619,137
620,39
621,29
622,29
623,137
624,17
625,17
626,39
627,39
628,62
629,17
630,17
631,17
632,62
633,17
634,1
635,39
636,29
637,17
638,72
639,17
640,17
641,17
642,17
643,17
644,17
645,39
646,39
647,1
648,17
649,39
650,17
651,1
652,17
653,1
654,1
655,17
656,17
657,39
658,39
659,17
660,17
661,17
662,62
663,62
664,17
665,17
666,39
667,62
668,17
669,17
670,62
671,1
672,39
673,62
674,17
675,72
676,17
677,17
678,1
679,17
680,62
681,39
682,1
683,17
684,17
685,39
686,39
687,17
688,17
689,137
690,62
691,62
692,29
693,17
694,62
695,17
696,1
697,39
698,1
699,17
700,39
701,17
702,17
703,1
704,17
705,39
706,39
707,39
708,72
709,62
710,17
711,17
712,17
713,1
714,17
715,17
716,17
717,17
718,1
719,1
720,39
721,1
722,1
723,17
724,17
725,17
726,17
727,17
728,1
729,17
730,17
731,17
732,17
733,39
734,39
735,1
736,39
737,62
738,62
739,17
740,1
741,17
742,1
743,17
744,17
745,17
746,39
747,62
748,1
749,17
750,62
751,17
752,137
753,17
754,1
755,1
756,1
757,62
758,72
759,39
760,72
761,1
762,17
763,17
764,39
765,17
766,137
767,17
768,17
769,17
770,1
771,17
772,17
773,17
774,137
775,17
776,17
777,17
778,17
779,17
780,17
781,62
782,17
783,17
784,62
785,17
786,39
787,17
788,39
789,17
790,1
791,1
792,1
793,17
794,39
795,17
796,17
797,17
798,39
799,17
800,1
801,17
802,17
803,1
804,62
805,17
806,17
807,17
808,17
809,17
810,17
811,17
812,17
813,39
814,17
815,17
816,17
817,72
818,137
819,17
820,17
821,29
822,17
823,62
824,39
825,137
826,17
827,17
828,39
829,1
830,17
831,4
832,17
833,17
834,17
835,17
836,17
837,1
838,17
839,137
840,17
841,17
842,17
843,17
844,17
845,17
846,17
847,137
848,39
849,17
850,17
851,17
852,17
853,17
854,1
855,17
856,17
857,137
858,17
859,17
860,17
861,137
862,1
863,17
864,137
865,17
866,39
867,39
868,1
869,17
870,17
871,17
872,29
873,31
874,17
875,1
876,62
877,17
878,39
879,1
880,17
881,17
882,17
883,62
884,72
885,17
886,17
887,39
888,17
889,17
890,17
891,17
892,1
893,17
894,62
895,1
896,29
897,39
898,17
899,17
900,17
901,17
902,39
903,1
904,1
905,1
906,1
907,17
908,17
909,17
910,17
911,1
912,17
913,62
914,17
915,62
916,39
917,17
918,17
919,72
920,39
921,1
922,1
923,39
924,17
925,1
926,17
927,17
928,17
929,17
930,17
931,1
932,137
933,17
934,137
935,17
936,17
937,17
938,17
939,1
940,137
941,39
942,17
943,17
944,17
945,17
946,17
947,1
948,39
949,29
950,17
951,62
952,17
953,137
954,17
955,17
956,17
957,17
958,17
959,39
960,39
961,39
962,29
963,17
964,137
965,17
966,17
967,17
968,1
969,137
970,1
971,1
972,1
973,17
974,62
975,72
976,1
977,17
978,62
979,29
980,17
981,1
982,17
983,29
984,72
985,17
986,1
987,17
988,17
989,17
990,17
991,17
992,17
993,17
994,39
995,17
996,17
997,1
998,17
999,29
1000,39
1001,17
1002,39
1003,17
1004,39
1005,17
1006,17
1007,17
1008,17
1009,137
1010,17
1011,17
1012,17
1013,29
1014,62
1015,39
1016,39
1017,17
1018,29
1019,17
1020,39
1021,17
1022,17
1023,39
1024,17
1025,62
1026,17
1027,39
1028,62
1029,39
1030,39
1031,17
1032,17
1033,17
1034,17
1035,39
1036,1
1037,1
1038,62
1039,17
1040,1
1041,17
1042,17
1043,17
1044,29
1045,137
1046,17
1047,1
1048,17
1049,17
1050,1
1051,17
1052,1
1053,17
1054,1
1055,39
1056,62
1057,62
1058,17
1059,1
1060,62
1061,17
1062,17
1063,17
1064,17
1065,1
1066,17
1067,137
1068,1
1069,17
1070,39
1071,137
1072,62
1073,39
1074,17
1075,17
1076,17
1077,17
1078,17
1079,17
1080,1
1081,39
1082,39
1083,17
1084,17
1085,17
1086,17
1087,17
1088,17
1089,29
1090,17
1091,62
1092,39
1093,17
1094,39
1095,39
1096,1
1097,39
1098,137
1099,1
1100,39
1101,17
1102,1
1103,1
1104,1
1105,1
1106,17
1107,137
1108,72
1109,29
1110,1
1111,39
1112,62
1113,17
1114,39
1115,17
1116,62
1117,17
1118,29
1119,17
1120,17
1121,17
1122,39
1123,17
1124,39
1125,1
1126,62
1127,17
1128,17
1129,17
1130,17
1131,17
1132,17
1133,1
1134,17
1135,39
1136,29
1137,17
1138,1
1139,1
1140,39
1141,1
1142,17
1143,17
1144,39
1145,47
1146,62
1147,17
1148,39
1149,17
1150,39
1151,137
1152,39
1153,17
1154,39
1155,39
1156,62
1157,17
1158,1
1159,1
1160,62
1161,17
1162,39
1163,17
1164,62
1165,137
1166,17
1167,17
1168,39
1169,17
1170,1
1171,62
1172,17
1173,1
1174,39
1175,17
1176,17
1177,62
1178,17
1179,17
1180,1
1181,17
1182,72
1183,72
1184,17
1185,17
1186,1
1187,39
1188,17
1189,17
1190,17
1191,17
1192,137
1193,17
1194,1
1195,17
1196,62
1197,17
1198,17
1199,29
1200,72
1201,17
1202,17
1203,17
1204,1
1205,39
1206,1
1207,1
1208,1
1209,29
1210,39
1211,1
1212,17
1213,62
1214,62
1215,17
1216,38
1217,17
1218,39
1219,29
1220,17
1221,17
1222,17
1223,1
1224,17
1225,39
1226,72
1227,17
1228,17
1229,17
1230,1
1231,29
1232,17
1233,1
1234,17
1235,39
1236,17
1237,39
1238,39
1239,17
1240,1
1241,17
1242,62
1243,39
1244,17
1245,1
1246,25
1247,17
1248,17
1249,17
1250,1
1251,17
1252,17
1253,1
1254,39
1255,39
1256,17
1257,62
1258,62
1259,17
1260,17
1261,39
1262,72
1263,17
1264,39
1265,17
1266,62
1267,17
1268,137
1269,1
1270,17
1271,1
1272,17
1273,1
1274,17
1275,39
1276,1
1277,17
1278,17
1279,39
1280,17
1281,62
1282,17
1283,17
1284,39
1285,1
1286,39
1287,17
1288,17
1289,39
1290,1
1291,17
1292,17
1293,39
1294,17
1295,17
1296,1
1297,17
1298,17
1299,1
1300,17
1301,39
1302,17
1303,17
1304,39
1305,39
1306,137
1307,1
1308,17
1309,17
1310,1
1311,17
1312,17
1313,17
1314,1
1315,62
1316,39
1317,17
1318,39
1319,17
1320,17
1321,1
1322,72
1323,17
1324,39
1325,17
1326,1
1327,17
1328,39
1329,17
1330,1
1331,1
1332,17
1333,29
1334,17
1335,17
1336,137
1337,17
1338,39
1339,17
1340,62
1341,17
1342,1
1343,39
1344,17
1345,72
1346,17
1347,17
1348,39
1349,39
1350,17
1351,17
1352,17
1353,17
1354,17
1355,17
1356,17
1357,17
1358,17
1359,17
1360,17
1361,17
1362,45
1363,17
1364,17
1365,17
1366,1
1367,39
1368,17
1369,137
1370,17
1371,1
1372,62
1373,1
1374,17
1375,17
1376,17
1377,17
1378,1
1379,17
1380,17
1381,17
1382,1
1383,1
1384,17
1385,17
1386,17
1387,137
1388,29
1389,17
1390,39
1391,39
1392,17
1393,62
1394,1
1395,17
1396,62
1397,17
1398,17
1399,17
1400,17
1401,17
1402,1
1403,17
1404,1
1405,39
1406,17
1407,62
1408,39
1409,17
1410,17
1411,17
1412,17
1413,17
1414,39
1415,1
1416,17
1417,17
1418,1
1419,17
1420,17
1421,17
1422,17
1423,1
1424,62
1425,1
1426,17
1427,17
1428,17
1429,17
1430,17
1431,39
1432,39
1433,62
1434,17
1435,17
1436,62
1437,39
1438,17
1439,1
1440,17
1441,17
1442,39
1443,17
1444,17
1445,62
1446,17
1447,17
1448,17
1449,17
1450,17
1451,17
1452,17
1453,17
1454,17
1455,17
1456,39
1457,39
1458,17
1459,39
1460,39
1461,62
1462,1
1463,1
1464,1
1465,17
1466,39
1467,17
1468,1
1469,17
1470,39
1471,62
1472,62
1473,17
1474,17
1475,137
1476,17
1477,17
1478,39
1479,39
1480,137
1481,39
1482,17
1483,17
1484,17
1485,17
1486,1
1487,62
1488,17
1489,17
1490,17
1491,1
1492,39
1493,17
1494,62
1495,17
1496,17
1497,1
1498,17
1499,17
1500,17
1501,1
1502,72
1503,39
1504,17
1505,137
1506,1
1507,137
1508,39
1509,1
1510,17
1511,17
1512,72
1513,39
1514,17
1515,17
1516,17
1517,39
1518,17
1519,17
1520,1
1521,1
1522,29
1523,39
1524,17
1525,17
1526,39
1527,17
1528,17
1529,17
1530,17
1531,39
1532,17
1533,17
1534,1
1535,17
1536,62
1537,62
1538,29
1539,17
1540,1
1541,17
1542,39
1543,17
1544,17
1545,17
1546,17
1547,17
1548,39
1549,17
1550,17
1551,17
1552,39
1553,39
1554,17
1555,17
1556,1
1557,29
1558,17
1559,17
1560,17
1561,17
1562,72
1563,62
1564,17
1565,17
1566,17
1567,17
1568,17
1569,17
1570,17
1571,17
1572,39
1573,137
1574,17
1575,1
1576,17
1577,1
1578,17
1579,17
1580,62
1581,17
1582,17
1583,39
1584,17
1585,39
1586,17
1587,1
1588,17
1589,17
1590,17
1591,17
1592,17
1593,39
1594,17
1595,17
1596,17
1597,17
1598,137
1599,17
1600,29
1601,17
1602,17
1603,17
1604,17
1605,1
1606,1
1607,17
1608,17
1609,1
1610,17
1611,17
1612,17
1613,1
1614,17
1615,137
1616,39
1617,17
1618,17
1619,39
1620,1
1621,137
1622,39
1623,17
1624,39
1625,62
1626,39
1627,62
1628,39
1629,17
1630,137
1631,17
1632,62
1633,1
1634,1
1635,17
1636,17
1637,17
1638,17
1639,17
1640,1
1641,1
1642,1
1643,39
1644,39
1645,17
1646,17
1647,39
1648,1
1649,1
1650,137
1651,17
1652,17
1653,1
1654,72
1655,45
1656,39
1657,17
1658,39
1659,17
1660,1
1661,17
1662,17
1663,39
1664,137
1665,62
1666,17
1667,39
1668,1
1669,1
1670,17
1671,39
1672,17
1673,17
1674,17
1675,1
1676,29
1677,1
1678,39
1679,39
1680,17
1681,1
1682,17
1683,62
1684,1
1685,17
1686,137
1687,39
1688,17
1689,1
1690,1
1691,17
1692,17
1693,17
1694,137
1695,1
1696,17
1697,17
1698,17
1699,17
1700,17
1701,17
1702,62
1703,17
1704,72
1705,1
1706,39
1707,17
1708,62
1709,29
1710,17
1711,17
1712,17
1713,62
1714,17
1715,17
1716,62
1717,17
1718,39
1719,17
1720,17
1721,1
1722,17
1723,17
1724,17
1725,137
1726,17
1727,17
1728,17
1729,1
1730,17
1731,17
1732,17
1733,17
1734,17
1735,17
1736,39
1737,17
1738,17
1739,137
1740,1
1741,39
1742,17
1743,17
1744,17
1745,39
1746,1
1747,17
1748,17
1749,17
1750,137
1751,17
1752,62
1753,1
1754,17
1755,17
1756,1
1757,1
1758,72
1759,17
1760,17
1761,17
1762,39
1763,29
1764,29
1765,17
1766,39
1767,29
1768,17
1769,17
1770,1
1771,17
1772,39
1773,62
1774,17
1775,62
1776,39
1777,1
1778,17
1779,17
1780,17
1781,39
1782,17
1783,1
1784,17
1785,62
1786,29
1787,17
1788,17
1789,39
1790,17
1791,17
1792,17
1793,17
1794,47
1795,17
1796,17
1797,39
1798,39
1799,1
1800,1
1801,17
1802,1
1803,17
1804,17
1805,39
1806,62
1807,17
1808,1
1809,17
1810,17
1811,17
1812,17
1813,17
1814,39
1815,17
1816,1
1817,29
1818,17
1819,17
1820,1
1821,39
1822,17
1823,39
1824,17
1825,39
1826,17
1827,17
1828,1
1829,72
1830,39
1831,1
1832,17
1833,17
1834,39
1835,17
1836,62
1837,17
1838,17
1839,39
1840,29
1841,62
1842,39
1843,1
1844,17
1845,17
1846,1
1847,1
1848,39
1849,17
1850,39
1851,1
1852,39
1853,17
1854,17
1855,17
1856,17
1857,1
1858,17
1859,17
1860,39
1861,17
1862,17
1863,17
1864,17
1865,1
1866,39
1867,1
1868,17
1869,17
1870,62
1871,17
1872,1
1873,17
1874,17
1875,17
1876,17
1877,29
1878,39
1879,17
1880,39
1881,137
1882,137
1883,39
1884,17
1885,17
1886,17
1887,137
1888,17
1889,17
1890,62
1891,17
1892,17
1893,17
1894,17
1895,17
1896,1
1897,17
1898,39
1899,17
1900,137
1901,17
1902,17
1903,17
1904,17
1905,17
1906,62
1907,39
1908,1
1909,17
1910,17
1911,1
1912,29
1913,17
1914,17
1915,17
1916,62
1917,17
1918,39
1919,17
1920,39
1921,17
1922,1
1923,17
1924,17
1925,17
1926,17
1927,17
1928,17
1929,17
1930,17
1931,1
1932,29
1933,1
1934,62
1935,39
1936,17
1937,17
1938,39
1939,137
1940,17
1941,137
1942,1
1943,1
1944,1
1945,17
1946,17
1947,62
1948,17
1949,17
1950,17
1951,39
1952,39
1953,62
1954,17
1955,39
1956,17
1957,17
1958,17
1959,39
1960,1
1961,17
1962,17
1963,1
1964,17
1965,137
1966,1
1967,17
1968,31
1969,17
1970,137
1971,17
1972,1
1973,39
1974,62
1975,1
1976,17
1977,17
1978,17
1979,17
1980,17
1981,62
1982,17
1983,1
1984,17
1985,39
1986,17
1987,39
1988,1
1989,17
1990,1
1991,137
1992,17
1993,1
1994,17
1995,17
1996,29
1997,17
1998,1
1999,1
2000,1
2001,17
2002,17
2003,1
2004,29
2005,137
2006,17
2007,1
2008,39
2009,17
2010,72
2011,39
2012,17
2013,62
2014,1
2015,1
2016,39
2017,17
2018,17
2019,29
2020,137
2021,17
2022,39
2023,137
2024,72
2025,17
2026,62
2027,1
2028,1
2029,17
2030,1
2031,1
2032,17
2033,17
2034,17
2035,17
2036,62
2037,1
2038,17
2039,62
2040,137
2041,17
2042,39
2043,39
2044,62
2045,1
2046,17
2047,17
2048,17
2049,17
2050,1
2051,17
2052,17
2053,72
2054,17
2055,17
2056,17
2057,17
2058,17
2059,39
2060,17
2061,62
2062,17
2063,39
2064,17
2065,62
2066,17
2067,62
2068,62
2069,1
2070,39
2071,1
2072,1
2073,1
2074,17
2075,38
2076,1
2077,1
2078,62
2079,39
2080,17
2081,17
2082,29
2083,17
2084,17
2085,137
2086,39
2087,17
2088,17
2089,39
2090,17
2091,39
2092,17
2093,17
2094,17
2095,4
2096,17
2097,1
2098,1
2099,17
2100,1
2101,17
2102,39
2103,1
2104,17
2105,17
2106,17
2107,1
2108,17
2109,17
2110,17
2111,39
2112,62
2113,1
2114,1
2115,17
2116,17
2117,17
2118,38
2119,39
2120,29
2121,39
2122,17
2123,17
2124,17
2125,1
2126,29
2127,17
2128,17
2129,62
2130,17
2131,29
2132,17
2133,17
2134,17
2135,29
2136,17
2137,137
2138,17
2139,1
2140,137
2141,29
2142,62
2143,38
2144,17
2145,17
2146,17
2147,17
2148,39
2149,62
2150,1
2151,17
2152,29
2153,1
2154,39
2155,17
2156,17
2157,39
2158,39
2159,62
2160,1
2161,1
2162,17
2163,39
2164,17
2165,62
2166,39
2167,17
2168,17
2169,17
2170,1
2171,1
2172,1
2173,39
2174,17
2175,17
2176,17
2177,17
2178,17
2179,1
2180,1
2181,39
2182,137
2183,17
2184,1
2185,62
2186,17
2187,62
2188,62
2189,72
2190,39
2191,1
2192,1
2193,137
2194,137
2195,39
2196,17
2197,17
2198,17
2199,72
2200,1
2201,17
2202,39
2203,17
2204,17
2205,1
2206,17
2207,1
2208,17
2209,17
2210,17
2211,38
2212,17
2213,17
2214,17
2215,1
2216,17
2217,17
2218,1
2219,39
2220,17
2221,137
2222,1
2223,17
2224,39
2225,72
2226,17
2227,17
2228,39
2229,62
2230,17
2231,17
2232,17
2233,1
2234,62
2235,17
2236,1
2237,1
2238,17
2239,1
2240,137
2241,17
2242,17
2243,17
2244,17
2245,17
2246,1
2247,17
2248,17
2249,1
2250,17
2251,17
2252,17
2253,62
2254,17
2255,17
2256,17
2257,1
2258,17
2259,1
2260,39
2261,17
2262,39
2263,1
2264,39
2265,1
2266,17
2267,17
2268,17
2269,17
2270,17
2271,17
2272,1
2273,17
2274,62
2275,17
2276,137
2277,17
2278,137
2279,1
2280,17
2281,17
2282,17
2283,17
2284,17
2285,17
2286,17
2287,62
2288,1
2289,17
2290,17
2291,17
2292,39
2293,17
2294,17
2295,17
2296,39
2297,17
2298,1
2299,17
2300,39
2301,17
2302,17
2303,39
2304,39
2305,1
2306,17
2307,17
2308,1
2309,17
2310,1
2311,17
2312,17
2313,39
2314,17
2315,17
2316,137
2317,17
2318,39
2319,62
2320,17
2321,1
2322,137
2323,17
2324,17
2325,1
2326,17
2327,17
2328,17
2329,17
2330,39
2331,17
2332,17
2333,17
2334,1
2335,17
2336,39
2337,39
2338,17
2339,1
2340,1
2341,62
2342,62
2343,1
2344,17
2345,62
2346,17
2347,1
2348,17
2349,17
2350,17
2351,17
2352,137
2353,62
2354,39
2355,17
2356,17
2357,17
2358,17
2359,62
2360,17
2361,17
2362,17
2363,1
2364,17
2365,17
2366,17
2367,17
2368,17
2369,17
2370,29
2371,17
2372,17
2373,39
2374,17
2375,1
2376,17
2377,17
2378,17
2379,1
2380,17
2381,17
2382,1
2383,17
2384,17
2385,17
2386,17
2387,39
2388,17
2389,17
2390,1
2391,17
2392,1
2393,1
2394,62
2395,1
2396,72
2397,17
2398,17
2399,17
2400,39
2401,62
2402,17
2403,17
2404,17
2405,17
2406,17
2407,17
2408,62
2409,17
2410,17
2411,1
2412,29
2413,17
2414,17
2415,17
2416,17
2417,17
2418,29
2419,39
2420,1
2421,62
2422,137
2423,62
2424,17
2425,17
2426,17
2427,62
2428,17
2429,17
2430,39
2431,17
2432,17
2433,17
2434,137
2435,17
2436,17
2437,29
2438,17
2439,17
2440,29
2441,17
2442,1
2443,62
2444,4
2445,45
2446,1
2447,17
2448,17
2449,29
2450,29
2451,39
2452,17
2453,1
2454,1
2455,17
2456,17
2457,17
2458,17
2459,17
2460,17
2461,17
2462,1
2463,1
2464,17
2465,39
2466,17
2467,17
2468,1
2469,17
2470,17
2471,17
2472,62
2473,17
2474,72
2475,17
2476,137
2477,17
2478,137
2479,1
2480,17
2481,17
2482,62
2483,1
2484,1
2485,39
2486,17
2487,1
2488,62
2489,29
2490,17
2491,17
2492,137
2493,39
2494,17
2495,17
2496,39
2497,17
2498,137
2499,1
2500,29
2501,29
2502,17
2503,39
2504,17
2505,17
2506,17
2507,17
2508,39
2509,39
2510,17
2511,17
2512,17
2513,17
2514,1
2515,17
2516,17
2517,39
2518,17
2519,39
2520,17
2521,17
2522,29
2523,17
2524,62
2525,62
2526,17
2527,17
2528,17
2529,17
2530,17
2531,1
2532,1
2533,1
2534,17
2535,17
2536,1
2537,39
2538,17
2539,17
2540,17
2541,17
2542,17
2543,1
2544,62
2545,137
2546,39
2547,17
2548,39
2549,17
2550,39
2551,17
2552,17
2553,17
2554,17
2555,29
2556,39
2557,17
2558,39
2559,39
2560,17
2561,62
2562,1
2563,17
2564,17
2565,17
2566,17
2567,17
2568,17
2569,17
2570,1
2571,137
2572,39
2573,72
2574,17
2575,17
2576,39
2577,39
2578,17
2579,17
2580,39
2581,39
2582,17
2583,17
2584,17
2585,29
2586,1
2587,62
2588,17
2589,17
2590,17
2591,1
2592,72
2593,39
2594,1
2595,17
2596,1
2597,62
2598,17
2599,17
2600,39
2601,17
2602,17
2603,17
2604,62
2605,137
2606,17
2607,17
2608,137
2609,17
2610,17
2611,62
2612,62
2613,17
2614,17
2615,17
2616,17
2617,1
2618,17
2619,17
2620,17
2621,1
2622,137
2623,39
2624,137
2625,62
2626,39
2627,39
2628,17
2629,17
2630,17
2631,62
2632,17
2633,17
2634,17
2635,17
2636,17
2637,72
2638,62
2639,17
2640,39
2641,17
2642,39
2643,17
2644,17
2645,17
2646,62
2647,17
2648,39
2649,72
2650,17
2651,17
2652,17
2653,17
2654,39
2655,62
2656,17
2657,17
2658,17
2659,17
2660,137
2661,17
2662,1
2663,39
2664,1
2665,17
2666,17
2667,17
2668,17
2669,17
2670,39
2671,17
2672,137
2673,39
2674,1
2675,72
2676,17
2677,1
2678,1
2679,1
2680,17
2681,39
2682,17
2683,17
2684,39
2685,17
2686,17
2687,17
2688,1
2689,39
2690,39
2691,17
2692,39
2693,17
2694,17
2695,137
2696,17
2697,39
2698,39
2699,62
2700,17
2701,17
2702,39
2703,39
2704,1
2705,137
2706,17
2707,17
2708,17
2709,137
2710,17
2711,1
2712,1
2713,1
2714,17
2715,17
2716,39
2717,1
2718,1
2719,17
2720,1
2721,17
2722,17
2723,17
2724,17
2725,39
2726,17
2727,17
2728,29
2729,62
2730,17
2731,17
2732,39
2733,17
2734,17
2735,17
2736,17
2737,17
2738,17
2739,17
2740,1
2741,17
2742,17
2743,137
2744,17
2745,17
2746,17
2747,39
2748,17
2749,17
2750,17
2751,17
2752,17
2753,137
2754,17
2755,17
2756,17
2757,17
2758,62
2759,62
2760,31
2761,17
2762,1
2763,62
2764,17
2765,17
2766,17
2767,1
2768,72
2769,17
2770,1
2771,17
2772,1
2773,17
2774,17
2775,17
2776,17
2777,39
2778,17
2779,17
2780,62
2781,17
2782,1
2783,17
2784,1
2785,17
2786,1
2787,17
2788,17
2789,39
2790,17
2791,17
2792,17
2793,62
2794,62
2795,62
2796,17
2797,17
2798,17
2799,39
2800,62
2801,29
2802,17
2803,39
2804,137
2805,17
2806,72
2807,17
2808,1
2809,137
2810,39
2811,17
2812,17
2813,137
2814,1
2815,62
2816,1
2817,62
2818,17
2819,1
2820,17
2821,1
2822,39
2823,1
2824,62
2825,17
2826,17
2827,17
2828,17
2829,17
2830,17
2831,72
2832,17
2833,39
2834,137
2835,17
2836,17
2837,39
2838,1
2839,17
2840,1
2841,72
2842,29
2843,39
2844,17
2845,17
2846,29
2847,62
2848,17
2849,62
2850,39
2851,39
2852,17
2853,17
2854,17
2855,17
2856,17
2857,1
2858,1
2859,17
2860,17
2861,1
2862,1
2863,137
2864,17
2865,17
2866,17
2867,17
2868,39
2869,62
2870,17
2871,39
2872,17
2873,17
2874,29
2875,17
2876,17
2877,17
2878,39
2879,17
2880,39
2881,1
2882,17
2883,1
2884,17
2885,17
2886,17
2887,17
2888,1
2889,17
2890,17
2891,1
2892,17
2893,17
2894,39
2895,1
2896,17
2897,39
2898,17
2899,17
2900,17
2901,17
2902,17
2903,17
2904,17
2905,39
2906,29
2907,39
2908,29
2909,1
2910,17
2911,137
2912,1
2913,17
2914,17
2915,17
2916,17
2917,17
2918,17
2919,17
2920,62
2921,17
2922,17
2923,39
2924,17
2925,39
2926,39
2927,17
2928,137
2929,17
2930,39
2931,17
2932,17
2933,29
2934,17
2935,62
2936,1
2937,39
2938,17
2939,17
2940,17
2941,17
2942,39
2943,1
2944,17
2945,1
2946,39
2947,62
2948,62
2949,137
2950,39
2951,1
2952,17
2953,1
2954,39
2955,17
2956,17
2957,39
2958,17
2959,1
2960,17
2961,1
2962,39
2963,17
2964,17
2965,17
2966,17
2967,17
2968,1
2969,1
2970,137
2971,62
2972,137
2973,17
2974,39
2975,17
2976,17
2977,17
2978,17
2979,17
2980,1
2981,17
2982,1
2983,62
2984,17
2985,17
2986,39
2987,17
2988,39
2989,17
2990,17
2991,38
2992,17
2993,17
2994,62
2995,17
2996,39
2997,137
2998,17
2999,17
3000,39
3001,17
3002,17
3003,17
3004,17
3005,17
3006,17
3007,17
3008,39
3009,17
3010,17
3011,17
3012,17
3013,17
3014,137
3015,1
3016,17
3017,17
3018,17
3019,17
3020,1
3021,137
3022,1
3023,17
3024,17
3025,17
3026,17
3027,1
3028,39
3029,17
3030,17
3031,1
3032,17
3033,17
3034,1
3035,62
3036,17
3037,1
3038,17
3039,17
3040,39
3041,17
3042,62
3043,17
3044,17
3045,17
3046,17
3047,17
3048,17
3049,17
3050,17
3051,39
3052,137
3053,17
3054,17
3055,17
3056,17
3057,1
3058,17
3059,1
3060,17
3061,1
3062,1
3063,39
3064,39
3065,17
3066,29
3067,17
3068,17
3069,137
3070,17
3071,137
3072,17
3073,137
3074,17
3075,17
3076,17
3077,17
3078,17
3079,17
3080,1
3081,17
3082,17
3083,1
3084,62
3085,39
3086,1
3087,17
3088,39
3089,17
3090,17
3091,29
3092,62
3093,17
3094,17
3095,17
3096,17
3097,17
3098,1
3099,17
3100,17
3101,1
3102,1
3103,17
3104,17
3105,17
3106,17
3107,62
3108,17
3109,17
3110,1
3111,1
3112,17
3113,17
3114,39
3115,1
3116,39
3117,17
3118,17
3119,72
3120,17
3121,17
3122,17
3123,17
3124,39
3125,1
3126,17
3127,17
3128,1
3129,17
3130,1
3131,137
3132,17
3133,62
3134,1
3135,17
3136,17
3137,39
3138,17
3139,17
3140,1
3141,17
3142,17
3143,1
3144,29
3145,17
3146,17
3147,1
3148,17
3149,1
3150,39
3151,17
3152,39
3153,17
3154,39
3155,17
3156,1
3157,17
3158,17
3159,17
3160,39
3161,17
3162,17
3163,29
3164,1
3165,17
3166,1
3167,17
3168,62
3169,17
3170,17
3171,17
3172,17
3173,39
3174,39
3175,17
3176,17
3177,1
3178,39
3179,17
3180,17
3181,17
3182,17
3183,17
3184,17
3185,62
3186,17
3187,17
3188,39
3189,1
3190,17
3191,39
3192,39
3193,1
3194,17
3195,17
3196,17
3197,72
3198,1
3199,39
3200,17
3201,17
3202,17
3203,62
3204,39
3205,39
3206,17
3207,17
3208,17
3209,29
3210,39
3211,17
3212,17
3213,39
3214,39
3215,17
3216,1
3217,1
3218,39
3219,17
3220,17
3221,1
3222,39
3223,1
3224,17
3225,17
3226,17
3227,17
3228,39
3229,17
3230,17
3231,43
3232,38
3233,1
3234,17
3235,39
3236,137
3237,17
3238,39
3239,17
3240,17
3241,17
3242,72
3243,17
3244,17
3245,1
3246,39
3247,39
3248,17
3249,17
3250,39
3251,39
3252,1
3253,17
3254,1
3255,17
3256,17
3257,17
3258,1
3259,62
3260,17
3261,17
3262,17
3263,17
3264,17
3265,39
3266,62
3267,29
3268,17
3269,17
3270,38
3271,29
3272,17
3273,1
3274,17
3275,62
3276,17
3277,17
3278,17
3279,39
3280,39
3281,17
3282,39
3283,17
3284,17
3285,17
3286,1
3287,17
3288,17
3289,137
3290,137
3291,1
3292,17
3293,62
3294,17
3295,17
3296,17
3297,17
3298,17
3299,39
3300,17
3301,17
3302,39
3303,17
3304,17
3305,43
3306,62
3307,17
3308,39
3309,17
3310,39
3311,17
3312,1
3313,17
3314,62
3315,29
3316,17
3317,17
3318,17
3319,17
3320,62
3321,17
3322,1
3323,137
3324,17
3325,17
3326,17
3327,17
3328,17
3329,17
3330,1
3331,39
3332,17
3333,137
3334,17
3335,17
3336,29
3337,17
3338,1
3339,1
3340,17
3341,17
3342,17
3343,39
3344,1
3345,17
3346,1
3347,39
3348,39
3349,17
3350,137
3351,17
3352,17
3353,17
3354,17
3355,17
3356,17
3357,17
3358,137
3359,1
3360,62
3361,39
3362,17
3363,29
3364,17
3365,1
3366,17
3367,17
3368,17
3369,62
3370,17
3371,39
3372,17
3373,1
3374,17
3375,17
3376,17
3377,1
3378,1
3379,1
3380,39
3381,39
3382,62
3383,17
3384,39
3385,39
3386,1
3387,29
3388,17
3389,17
3390,17
3391,62
3392,17
3393,39
3394,17
3395,17
3396,17
3397,17
3398,17
3399,17
3400,17
3401,17
3402,137
3403,1
3404,62
3405,17
3406,17
3407,17
3408,1
3409,17
3410,62
3411,39
3412,17
3413,72
3414,17
3415,72
3416,17
3417,1
3418,137
3419,1
3420,17
3421,17
3422,1
3423,62
3424,17
3425,17
3426,17
3427,17
3428,17
3429,17
3430,1
3431,17
3432,1
3433,137
3434,39
3435,17
3436,17
3437,1
3438,17
3439,17
3440,1
3441,1
3442,17
3443,39
3444,17
3445,17
3446,17
3447,17
3448,17
3449,17
3450,17
3451,17
3452,17
3453,39
3454,17
3455,39
3456,17
3457,1
3458,17
3459,62
3460,39
3461,39
3462,137
3463,17
3464,17
3465,17
3466,39
3467,39
3468,17
3469,1
3470,17
3471,17
3472,1
3473,39
3474,17
3475,39
3476,39
3477,1
3478,17
3479,39
3480,17
3481,29
3482,1
3483,39
3484,17
3485,17
3486,17
3487,17
3488,39
3489,39
3490,17
3491,1
3492,39
3493,39
3494,17
3495,1
3496,1
3497,17
3498,17
3499,17
3500,17
3501,62
3502,17
3503,1
3504,17
3505,17
3506,17
3507,62
3508,62
3509,17
3510,1
3511,39
3512,17
3513,1
3514,1
3515,17
3516,17
3517,17
3518,72
3519,17
3520,1
3521,17
3522,62
3523,17
3524,62
3525,17
3526,29
3527,17
3528,17
3529,1
3530,72
3531,1
3532,17
3533,1
3534,17
3535,17
3536,17
3537,17
3538,17
3539,17
3540,29
3541,72
3542,17
3543,72
3544,45
3545,17
3546,62
3547,17
3548,17
3549,17
3550,62
3551,17
3552,17
3553,17
3554,1
3555,17
3556,137
3557,29
3558,137
3559,17
3560,17
3561,39
3562,39
3563,17
3564,17
3565,17
3566,1
3567,62
3568,17
3569,17
3570,17
3571,17
3572,1
3573,62
3574,17
3575,1
3576,39
3577,17
3578,17
3579,17
3580,17
3581,1
3582,39
3583,17
3584,17
3585,17
3586,17
3587,17
3588,1
3589,17
3590,17
3591,39
3592,17
3593,39
3594,39
3595,17
3596,39
3597,17
3598,17
3599,137
3600,17
3601,39
3602,17
3603,17
3604,17
3605,1
3606,39
3607,17
3608,1
3609,17
3610,39
3611,137
3612,17
3613,39
3614,39
3615,17
3616,17
3617,17
3618,62
3619,17
3620,62
3621,17
3622,17
3623,62
3624,1
3625,17
3626,17
3627,17
3628,29
3629,17
3630,17
3631,137
3632,17
3633,17
3634,62
3635,17
3636,62
3637,17
3638,17
3639,39
3640,17
3641,29
3642,17
3643,17
3644,17
3645,17
3646,17
3647,17
3648,62
3649,17
3650,39
3651,39
3652,17
3653,17
3654,1
3655,39
3656,137
3657,17
3658,62
3659,17
3660,17
3661,17
3662,62
3663,17
3664,62
3665,62
3666,17
3667,1
3668,137
3669,17
3670,17
3671,17
3672,17
3673,39
3674,137
3675,1
3676,17
3677,17
3678,17
3679,1
3680,17
3681,1
3682,17
3683,1
3684,17
3685,62
3686,17
3687,17
3688,1
3689,17
3690,17
3691,1
3692,17
3693,17
3694,72
3695,17
3696,17
3697,1
3698,39
3699,17
3700,39
3701,39
3702,39
3703,17
3704,17
3705,17
3706,62
3707,1
3708,39
3709,39
3710,17
3711,62
3712,62
3713,17
3714,17
3715,39
3716,39
3717,39
3718,137
3719,17
3720,17
3721,1
3722,17
3723,17
3724,17
3725,17
3726,1
3727,39
3728,17
3729,1
3730,17
3731,17
3732,1
3733,1
3734,1
3735,29
3736,1
3737,17
3738,1
3739,17
3740,29
3741,17
3742,39
3743,17
3744,17
3745,17
3746,39
3747,17
3748,39
3749,17
3750,137
3751,17
3752,62
3753,1
3754,17
3755,17
3756,39
3757,39
3758,17
3759,39
3760,62
3761,17
3762,1
3763,17
3764,1
3765,1
3766,62
3767,137
3768,17
3769,39
3770,17
3771,137
3772,39
3773,39
3774,17
3775,17
3776,17
3777,29
3778,29
3779,17
3780,39
3781,39
3782,1
3783,1
3784,39
3785,17
3786,39
3787,39
3788,137
3789,137
3790,17
3791,17
3792,17
3793,39
3794,17
3795,17
3796,17
3797,72
3798,39
3799,39
3800,17
3801,39
3802,29
3803,62
3804,1
3805,17
3806,17
3807,72
3808,39
3809,17
3810,17
3811,17
3812,17
3813,17
3814,1
3815,17
3816,17
3817,39
3818,62
3819,62
3820,39
3821,39
3822,17
3823,17
3824,17
3825,1
3826,17
3827,17
3828,72
3829,39
3830,17
3831,17
3832,1
3833,1
3834,17
3835,17
3836,17
3837,17
3838,62
3839,17
3840,62
3841,17
3842,39
3843,1
3844,137
3845,17
3846,17
3847,17
3848,29
3849,17
3850,137
3851,17
3852,17
3853,17
3854,17
3855,1
3856,17
3857,1
3858,17
3859,1
3860,39
3861,39
3862,17
3863,39
3864,17
3865,17
3866,17
3867,17
3868,1
3869,17
3870,17
3871,17
3872,1
3873,1
3874,39
3875,1
3876,17
3877,1
3878,17
3879,17
3880,17
3881,17
3882,17
3883,62
3884,137
3885,1
3886,62
3887,137
3888,1
3889,62
3890,17
3891,62
3892,17
3893,17
3894,17
3895,17
3896,17
3897,29
3898,17
3899,17
3900,17
3901,1
3902,39
3903,137
3904,1
3905,17
3906,17
3907,17
3908,17
3909,17
3910,17
3911,17
3912,39
3913,17
3914,17
3915,29
3916,17
3917,17
3918,1
3919,1
3920,17
3921,39
3922,39
3923,17
3924,17
3925,17
3926,17
3927,29
3928,17
3929,17
3930,17
3931,17
3932,1
3933,17
3934,29
3935,17
3936,39
3937,1
3938,1
3939,17
3940,17
3941,17
3942,137
3943,17
3944,17
3945,17
3946,29
3947,39
3948,1
3949,39
3950,17
3951,17
3952,17
3953,17
3954,17
3955,39
3956,17
3957,17
3958,17
3959,17
3960,17
3961,1
3962,1
3963,17
3964,39
3965,137
3966,39
3967,29
3968,29
3969,1
3970,17
3971,17
3972,39
3973,17
3974,17
3975,137
3976,137
3977,17
3978,17
3979,17
3980,17
3981,17
3982,39
3983,17
3984,17
3985,17
3986,17
3987,17
3988,137
3989,39
3990,17
3991,17
3992,39
3993,72
3994,1
3995,1
3996,1
3997,1
3998,137
3999,1
4000,62
